<?xml version="1.0" encoding="UTF-8"?>
<beans:beans xmlns="http://www.springframework.org/schema/mvc"
	xmlns:xsi="http://www.w3.org/2001/XMLSchema-instance"
	xmlns:beans="http://www.springframework.org/schema/beans"
	xmlns:context="http://www.springframework.org/schema/context"
	xmlns:tx="http://www.springframework.org/schema/tx"
	xmlns:aop="http://www.springframework.org/schema/aop"
	xmlns:websocket="http://www.springframework.org/schema/websocket"
	xsi:schemaLocation="http://www.springframework.org/schema/websocket http://www.springframework.org/schema/websocket/spring-websocket-4.1.xsd
		http://www.springframework.org/schema/mvc http://www.springframework.org/schema/mvc/spring-mvc.xsd
		http://www.springframework.org/schema/beans http://www.springframework.org/schema/beans/spring-beans.xsd
		http://www.springframework.org/schema/context http://www.springframework.org/schema/context/spring-context.xsd
		http://www.springframework.org/schema/aop http://www.springframework.org/schema/aop/spring-aop-4.2.xsd
		http://www.springframework.org/schema/tx http://www.springframework.org/schema/tx/spring-tx-4.2.xsd">

	
	
	<!-- 메일 서버 설정 -->
	<beans:bean
		class="org.springframework.mail.javamail.JavaMailSenderImpl"
		id="JavamailSender">
		<beans:property value="smtp.naver.com" name="host" />
		<beans:property value="587" name="port" />
		<beans:property name="username" value="limdw3" />
		<beans:property name="password" value="ehddn112@"></beans:property>
		<beans:property value="utf-8" name="defaultEncoding" />
		<beans:property name="javaMailProperties">
			<beans:props>
				<beans:prop key="mail.transport.protocol">smtp</beans:prop>
				<beans:prop key="mail.smtp.auth">true</beans:prop>
				<beans:prop key="mail.smtp.starttls.enable">true</beans:prop>
				<beans:prop key="mail.debug">true</beans:prop>
			</beans:props>
		</beans:property>
	</beans:bean>

	<!-- 3.servlet-context.xml 파일에 aop 네임스페이스를 추가하고 어노테이션으로 설정한 aop를 사용할 수 있는 
		태그를 추가 --><!-- 어노테이션으로 만든 AOP 적용 -->
	<aop:aspectj-autoproxy />

	<!-- Interceptor 적용 -->
	<interceptors>
		<interceptor>
			<mapping path="/board/register" />
			<mapping path="/board/update" />
			<mapping path="/board/delete" />
			<beans:ref bean="d_Interceptor" />
		</interceptor>
	</interceptors>

	<!-- Spring 프로젝트에서 MVC 관련 어노테이션을 사용할 수 있도록 해주는 설정 -->
	<annotation-driven />

	<!-- 정적이 파일들을 캐싱 해 줄 수 있는 디렉토리와 url 설정 -->
	<resources mapping="/resources/**" location="/resources/" />

	<!-- Controller에서 forwarding 할 때 사용하는 뷰 이름과 조합해서 실제 출력될 파일의 위치와 종류(JSTL 
		View)를 결정하는 설정 -->
	<beans:bean
		class="org.springframework.web.servlet.view.InternalResourceViewResolver">
		<beans:property name="prefix" value="/WEB-INF/views/" />
		<beans:property name="suffix" value=".jsp" />
	</beans:bean>

	<!-- 어노테이션이 적용된 클래스의 객체를 자동으로 만들어주는 패키지 설정 스프링 MVC 프로젝트에서 모든 클래스는 이 패키지 
		안에서 생성 domain 클래스를 제외하고는 전부 어노테이션을 이용해서 생성 이 패키지에 있는 클래스들은 new 하지 않고 bean으로 
		생성하지도 않습니다. -->
	<context:component-scan base-package="kr.co.dw" />

	<!-- Controller가 처리하지 못하는 요청을 WAS가 처리하도록 하는 설정입니다. 필수적으로 합니다. -->
	<default-servlet-handler />

	<!-- 5)servlet-context.xml 파일에 파일 업로드 처리를 위한 bean 코드를 추가 -->
	<beans:bean
		class="org.springframework.web.multipart.commons.CommonsMultipartResolver"
		id="multipartResolver">
		<!--업로드 할 수 있는 파일의 최대 크기 : 10M -->
		<beans:property value="10485760" name="maxUploadSize" />
	</beans:bean>

</beans:beans>