<?xml version="1.0" encoding="UTF-8"?>
<!DOCTYPE mapper
PUBLIC "-//mybatis.org//DTD Mapper 3.0//EN"
"http://mybatis.org/dtd/mybatis-3-mapper.dtd">
<mapper namespace="reply">
	<!-- 댓글 저장을 위한 SQL -->
	<insert id="register" parameterType="Reply">
		insert into d_reply(
		rno, bno, email, nickname, replytext)
		values(d_replyseq.nextval,
		#{bno}, #{email}, #{nickname}, #{replytext})
	</insert>

	<!-- 1.reply.xml 파일에 글번호에 해당하는 댓글을 찾아오는 SQL을 작성 -->

	<!-- 댓글 목록을 가져오는 SQL -->
	<!-- 댓글 목록을 가져오는 SQL -->
	<select id="list" parameterType="java.lang.Integer"
		resultType="Reply">
		select *
		from d_reply
		where bno = #{bno}
		order by regdate desc
	</select>
	<!-- 댓글을 삭제하는 SQL -->
	<delete id="delete" parameterType="java.lang.Integer">
		delete from d_reply
		where rno = #{rno}
	</delete>
	
<!-- 댓글을 수정하는 SQL -->
<update id="update" parameterType="Reply">
	update d_reply
	set replytext = #{replytext}, regdate=sysdate
	where rno = #{rno}
</update>
	
</mapper>