<?xml version="1.0" encoding="UTF-8"?>
<!DOCTYPE mapper
PUBLIC "-//mybatis.org//DTD Mapper 3.0//EN"
"http://mybatis.org/dtd/mybatis-3-mapper.dtd">
<mapper namespace="user">
	<!-- 1)입력한 email이 데이터베이스에 존재하는지 검사할 sql을 작성 =>user.xml 파일에 작성 -->

	<!-- email 중복 검사를 위한 sql -->
	<select id="emailcheck" parameterType="java.lang.String"
		resultType="java.lang.String">
		<!-- 받는건 이메일 하나뿐이라 스트링 보내는것도 이메일이라 스트링 스트링치즈 -->
		select email
		from d_user
		where email = #{email}
	</select>

	<!-- 2)회원가입을 위한 SQL을 user.xml 파일에 추가 -->
	<!-- 회원가입을 위한 sql -->
	<insert id="register" parameterType="User">
		insert into d_user(email,
		pw, nickname, image,code)
		values(#{email}, #{pw}, #{nickname},
		#{image},#{code})
	</insert>


	<!-- 4.user.xml 파일에 로그인 처리를 위한 sql을 생성 =>email을 가지고 전체 정보를 찾아오는 sql을 생성 
		=>pw는 암호화가 되어 있기 때문에 sql 비교 할 수 업습니다. 로그인 처리를 위해서 email을 가지고 모든 정보를 찾아오는 
		sql -->
	<select id="login" parameterType="java.lang.String"
		resultType="User">
		select email, pw, nickname, image,grade,regcheck,code
		from d_user
		where
		email
		= #{email}
	</select>


	<update id="update" parameterType="User">
		update d_user
		set
		pw=#{pw},nickname=#{nickname},image=#{image}
		where email = #{email}
	</update>

	<delete id="delete" parameterType="java.lang.String">
		delete
		from d_user
		where email =
		#{email}

	</delete>
	<!-- 이메일 찾아서 코드 찾기 -->
	<select id="regcode" parameterType="java.lang.String"
		resultType="User">
		select email,code
		from d_user
		where email = #{email}
	</select>
	<!-- 찾았으면 로그인 권한부여 -->
	<update id="regcheck" parameterType="java.lang.String">
		update d_user
		set
		regcheck=1
		where email = #{email}
	</update>
	<!-- 비밀번호 수정전에 이메일과 코드 있는지 유무 확인 -->
<!--  <select id="emailcodecheck" parameterMap="User" resultType="java.lang.String">
		select email 
		from d_user
		where email = #{email} and code = #{code}
	</select>   -->
	<select id="aa" parameterType="User" resultType="java.lang.String">
	select email
	from d_user
	where email = #{email} and code=#{code}
	</select>
	
<!-- 이메일과 코드를 찾아 비밀번호 수정하기 -->
	<update id="resetpw"  parameterType="User">
		update d_user
		set
		pw = #{pw}
		where email = #{email} and code =#{code}
	</update>
	

</mapper>
